{"loss": [0.018856861803214997, 0.005765046749729663, 0.004185395693639293, 0.003298509807791561, 0.002703310427023098, 0.002182405509908373, 0.0018091399494248133, 0.0015295075863832608, 0.0013110995350871235, 0.0012169737262108053, 0.001325640356905448, 0.00104211870348081, 0.0008955496329387339, 0.0007914923698990606, 0.0007234743873899182, 0.0006718359848794838, 0.0006509078035984809, 0.0005926915109739639, 0.0005346479738363996, 0.0005093750684560897], "train_score": [0.0049970960535574704, 0.0031903996471858895, 0.0023784972751551927, 0.0018333695018858027, 0.0014406788201692204, 0.0010433173544394474, 0.000779412691675437, 0.0005913189391624959, 0.0004959686266374774, 0.00039705896900462295, 0.0004981249379246341, 0.00036648571888993803, 0.0003202261468686629, 0.00025292379420231253, 0.0002065171541592766, 0.00020836624359314251, 0.00019268841727656158, 0.00016881514420674648, 0.0001349620000231274, 0.00014953484514990123], "test_score": [0.009760933928191662, 0.007986498181708157, 0.008031449397094548, 0.007826576009392738, 0.009012734110001475, 0.00842765107518062, 0.007695135078392923, 0.008355517929885536, 0.007879640150349587, 0.007477852108422667, 0.008129900495987386, 0.0073842479032464325, 0.009025218489114195, 0.008594652113970369, 0.009759604872670025, 0.00968789035687223, 0.009894039714708924, 0.009192775469273329, 0.00939156988169998, 0.009671756299212575]}