{"loss": [0.009767893999634205, 0.0015350497298094812, 0.001556247101029121, 0.0009548609597059242, 0.0009027613021420774, 0.0005657481668875614], "train_score": [0.00202655751576638, 0.0012697117143952927, 0.0008593559756731121, 0.0008845137296816922, 0.0005499680627045868, 0.00041980950327685757], "test_score": [0.023646264982191943, 0.02671832808519826, 0.011003017354562628, 0.011799912270505366, 0.011370039881279145, 0.011488451872208027]}