{"loss": [0.012116773098886731, 0.0017596663901092388, 0.0008701348911510803, 0.0005823999703403592, 0.00045065481574428883, 0.00038791755063554654, 0.0003588539777893057, 0.0003277065312343997, 0.0002957380425963872, 0.00029444509645434, 0.0003025743978092892, 0.00032005682724084325, 0.00027220214121688875, 0.00022183538999069055, 0.00023557265027251793, 0.0002277410578872844, 0.000260726003239051, 0.0002360855225604785, 0.0001986794916712576, 0.00017390387000043383], "train_score": [0.0026796538346885593, 0.0011339088589274213, 0.0006662001487054212, 0.0005680741318626013, 0.00036917646525489177, 0.00033773169812468634, 0.00026553335288210736, 0.00045647326985262, 0.00030264541900501773, 0.0003427120762747777, 0.00029626923624967764, 0.00035421493132790384, 0.00021040648322328143, 0.00021228842981882957, 0.00021528473330016345, 0.00022011831392098455, 0.0002352641498961371, 0.00018989201231876454, 0.00016969168723244, 0.00015470610945790013], "test_score": [0.013128683749779031, 0.012746618488427498, 0.011007554530722743, 0.010657727629369146, 0.010852672688558633, 0.01073032469908846, 0.011003046608566783, 0.0127074505053106, 0.013497087413061413, 0.011176367952555603, 0.012743766355694902, 0.012041330604727686, 0.01134098468474835, 0.011923577996514785, 0.010468248910618205, 0.011531862638266516, 0.010306308828775996, 0.011378559441223403, 0.010556081350141435, 0.011492835780794347]}