{"loss": [0.023276265516566735, 0.008111252740491182, 0.005934103954738627, 0.004884537949692458, 0.004290647843542199, 0.003762214861732597, 0.0033765437838155776, 0.0029692370541548976, 0.002709241962293163, 0.0024769588198978454, 0.0026956364842286953, 0.0022347952908603474, 0.0019225857007162024, 0.0017471266037318856, 0.0016000267933122814, 0.0014835892022044088, 0.001394265079094718, 0.0012790512312979747, 0.0012182194186607376, 0.001176715411323433], "train_score": [0.005786574232236792, 0.0038818323519080877, 0.0029951763062854297, 0.0024080100920400582, 0.0019563016588411606, 0.0015768837717284139, 0.001328656372303764, 0.0011010990977714148, 0.0009112238415885562, 0.00075357226402654, 0.0011010975213139318, 0.0006549227194530735, 0.0005100798492397492, 0.00044276878785846446, 0.0004167343649896793, 0.000350230986441602, 0.000289926007098984, 0.0002847002445681331, 0.00024014384083178206, 0.00022172067535090415], "test_score": [0.010452169575728476, 0.007939916278701276, 0.008582302078139037, 0.008455459028482437, 0.008255145803559572, 0.007419200264848769, 0.007014985254500061, 0.007896562106907368, 0.007023267156910151, 0.007679977628868073, 0.007829861424397677, 0.00813874218147248, 0.008505699108354747, 0.007501488900743425, 0.009439775778446347, 0.009000370046123862, 0.009041029959917068, 0.007733969308901578, 0.008979946607723832, 0.009057427349034697]}