{"loss": [0.07454444033404191, 0.011032026067065695, 0.006254554803793629, 0.004545647466632848, 0.0035845208913087845, 0.0029367409297265112, 0.0024545824756690613, 0.002078757985145785, 0.001779562027271216, 0.0015434760425705463, 0.010606499772014407, 0.002586385584436357, 0.0014421427088867251, 0.000998323506792076, 0.0007580395880116461, 0.000610319979993316, 0.0005232342712891599, 0.0004488632985157892, 0.0004065422326675616, 0.0003410718066637249, 0.0002981850072198237, 0.0002698097790319783, 0.00023673642923919638, 0.00021781469998434963, 0.00021121177633176558, 0.0002040135041170288, 0.00018358304926853938, 0.00018022803002774404, 0.00016804650234310733, 0.00016249050289237252, 0.00015290318939757222, 0.00014569173557295775, 0.00013003436924918788, 0.0001310354258142373, 0.00012039569386009437, 0.00011541784321404218, 0.00011080071696293696, 0.00010625729616246342, 0.00010349135906532562, 9.949995425510376e-05, 0.0023797991934770835, 0.0005155446621453544, 0.00021536666160197152, 0.00013469961019533608, 0.00010451320031279465, 9.554941001018354e-05, 9.169246914098039e-05, 9.275457766004062e-05, 9.997814565091782e-05, 0.00010536838726693531, 0.00010659920402152541, 9.110804906716415e-05, 8.623431373659211e-05, 7.509704391850391e-05, 8.514645348138099e-05, 0.00010040444552335732, 8.851951800655418e-05, 8.985210721827268e-05, 9.841000883170636e-05, 7.894730758077155e-05, 0.0028412212880842467, 0.0004863150030966305, 0.0001539989143566345, 8.948417871579295e-05, 6.645398343607667e-05, 5.658241616401938e-05, 5.221172720363635e-05, 4.690215913190817e-05, 4.5273110572452424e-05, 4.226791133987717e-05, 4.081415227119578e-05, 4.099044205455963e-05, 3.946337771291534e-05, 4.020573427017856e-05, 4.49921590188751e-05, 4.656429276413595e-05, 4.3611185295352094e-05, 4.361835090094246e-05, 4.455444074361973e-05, 4.394628422232927e-05, 0.0012307629741978114, 0.0002469500335185633, 9.761865173156063e-05, 6.075968561466046e-05, 4.335384195049604e-05, 3.954947396778152e-05, 3.578166448884682e-05, 3.450721768179695e-05, 3.3641312332595895e-05, 3.299076767386092e-05, 3.409293071854336e-05, 3.9636161697368756e-05, 4.377663193129896e-05, 4.084618725149388e-05, 4.007655328071754e-05, 4.4450146106100874e-05, 4.7169604840746615e-05, 5.0503086034344356e-05, 4.8049440162382474e-05, 5.118266214291604e-05], "train_score": [0.016099526934946578, 0.007125585242950668, 0.005016230667630832, 0.003804137280288463, 0.003051398186168323, 0.002588329637850014, 0.002153748951968737, 0.0018357015554405127, 0.0015862315485719591, 0.0013786799221027952, 0.004010577414495249, 0.0016750892633960273, 0.001098726779067268, 0.0008000070229172707, 0.0006249446159927174, 0.0005142777069219543, 0.00046000109311232035, 0.00042282840877305716, 0.0003455471887718886, 0.0003032183073325238, 0.00026940332099911757, 0.00023092612658122866, 0.0002073243546571272, 0.0001990822796263577, 0.00021129744224405536, 0.00018379259078452984, 0.0001641328793387705, 0.00019306208014313597, 0.0001520367868579342, 0.00013656682070480505, 0.0001668830794490835, 0.00011994778287771624, 0.00011310906635723465, 0.00011554594705861139, 0.0001064737704534006, 0.00010449474302731687, 0.00010429978313671502, 9.939158644556301e-05, 9.529104257429329e-05, 8.721035646885866e-05, 0.0008739471098427506, 0.00026627869313718594, 0.00015092957649661307, 0.00010401020093316522, 9.23167278112184e-05, 8.785556671379406e-05, 8.25486066181232e-05, 8.215738610791352e-05, 0.00011145702531697073, 0.00010857434487358357, 8.777953401780299e-05, 8.280730920281106e-05, 6.698362297659817e-05, 6.850951467640698e-05, 8.255415271681461e-05, 0.00010523484252189519, 7.683006212270509e-05, 0.00011692898442561273, 8.446318876546381e-05, 9.380112533108331e-05, 0.000997458567629413, 0.0002337598010247651, 9.694259006209904e-05, 7.118103136842062e-05, 5.6366488630980406e-05, 5.003417588037943e-05, 4.510109799108856e-05, 4.3814362015837105e-05, 4.04923389396572e-05, 3.9533017419065196e-05, 4.3969163622629516e-05, 3.787085499122137e-05, 3.653201792985783e-05, 3.809176951108384e-05, 4.828375191815818e-05, 4.2323707096632766e-05, 4.410410656419117e-05, 4.628490235821422e-05, 3.78162467313814e-05, 4.265168528642486e-05, 0.00039867765493302915, 0.00013190574069691743, 6.215163997088287e-05, 4.343188766142703e-05, 3.7300271363468106e-05, 3.444344952185929e-05, 3.324797254814863e-05, 3.221868966344724e-05, 3.0020199195253856e-05, 3.0419293428470457e-05, 3.961083962167322e-05, 4.422721834392481e-05, 3.8627462345175445e-05, 4.026273040835804e-05, 4.554795843129492e-05, 4.1726869994818117e-05, 4.558797422760108e-05, 4.6948064209573204e-05, 4.5263557240105e-05, 5.1630617690534564e-05], "test_score": [0.026813819771632552, 0.020253923255950212, 0.018309242092072964, 0.01698608184233308, 0.017107120947912335, 0.015027075889520347, 0.015160016424488276, 0.015006229165010154, 0.015209145785775036, 0.014735804928932339, 0.015010155620984733, 0.01361643651034683, 0.012635872815735638, 0.013106767553836107, 0.012925713323056698, 0.012236640963237733, 0.011430789367295802, 0.011984591372311115, 0.01152045076014474, 0.01146417245035991, 0.01156712300144136, 0.011148805439006537, 0.01115613104775548, 0.01110295346006751, 0.011444822186604142, 0.011348300089593977, 0.011066250677686185, 0.011431948863901198, 0.01114882982801646, 0.01091612537857145, 0.010894363658735529, 0.011147964105475694, 0.011360070609953254, 0.011195542407222092, 0.011123212811071426, 0.010933963232673705, 0.011494109989143908, 0.010636039776727557, 0.011181110108736902, 0.010595197847578675, 0.011649925203528255, 0.011071314278524369, 0.011015695810783654, 0.01113313005771488, 0.01091439463198185, 0.011045328748878092, 0.010860274662263691, 0.010875821870286018, 0.011079725518357009, 0.010643856076058, 0.010506199323572218, 0.010741532081738114, 0.010832342493813485, 0.010639449523296207, 0.010828310332726687, 0.010387621761765331, 0.010684647888410836, 0.010058063780888915, 0.010637180181220174, 0.010266986093483865, 0.010684194276109338, 0.010910345357842743, 0.010685599176213145, 0.010453477676492184, 0.010501544864382595, 0.010400215105619282, 0.010360779939219356, 0.010275300941430032, 0.010251525498460978, 0.010238445829600096, 0.010362246714066714, 0.010060809610877186, 0.010195846785791218, 0.010024286922998726, 0.010045100119896233, 0.009939585521351546, 0.009827873844187707, 0.009900731849484146, 0.00980566453654319, 0.009867232874967158, 0.010201575991231948, 0.01015244418522343, 0.009756151004694402, 0.009912295965477824, 0.009780303458683193, 0.00991866592084989, 0.009833362943027169, 0.010018027911428362, 0.009621240955311805, 0.009884796163532883, 0.009705568663775921, 0.009653904940932989, 0.009730774851050228, 0.009908276377245784, 0.009896328148897737, 0.009893309732433408, 0.009909547225106508, 0.009519854269456118, 0.009900501056108624, 0.009722839342430234]}