{"loss": [0.011610097823412631, 0.001153289787490379], "train_score": [0.0016070295692134592, 0.0006512531582784554], "test_score": [0.015485138115833708, 0.015744372214930743]}