{"loss": [0.0035778748841927255, 0.00100064375290787, 0.0007047365199698615, 0.0005757807581741109, 0.0005437838528090738, 0.0004873572272409382, 0.0004745892941083206, 0.0004490214989420484, 0.00044263933856082357, 0.0004146873099994035], "train_score": [0.0010603966357699553, 0.00040127161194151013, 0.0004513287683684252, 0.000295352429909886, 0.00030768468087730063, 0.0002590063644513544, 0.00023324879008492153, 0.00023768641725536275, 0.00023624110953660233, 0.00021021553749802423], "test_score": [0.008799934323948416, 0.008245011876117115, 0.007585764287492138, 0.008818581106446701, 0.007853862606621218, 0.008248733191538824, 0.007945200377304586, 0.008156854155104995, 0.006877754053151155, 0.007970304866656874]}