{"loss": [0.008304588651905457, 0.002230159855874566, 0.0010103754054095286, 0.00045174796468927525, 0.00023072174371918663, 0.0001529875662527047, 0.00010991201816068497, 7.927044468184856e-05, 6.066732961092688e-05, 5.310578490025364e-05, 4.685961069602248e-05, 4.3159417600691086e-05, 3.974955810311561e-05, 3.708602813882559e-05, 3.46750274123527e-05, 3.637566411877439e-05, 3.356727052050701e-05, 2.9916730303132983e-05, 2.6909006616430513e-05, 2.8794070885851397e-05], "train_score": [0.0031122680326613286, 0.0015219472127985985, 0.0006307287064070503, 0.0002846851578700201, 0.00017140188689760785, 0.00011645605506297822, 8.876317618463266e-05, 6.698179959130357e-05, 5.820790882656487e-05, 4.772094879020491e-05, 4.3470687463316913e-05, 3.640902180753377e-05, 4.407978379579921e-05, 3.442093081199952e-05, 3.402160389972172e-05, 3.4899971448491364e-05, 3.3043033681678935e-05, 2.5829274894325256e-05, 2.5526978409592022e-05, 2.9456752296634175e-05], "test_score": [0.007885740953497589, 0.010919139895122498, 0.010920314118266106, 0.010708236368373036, 0.010390129289589822, 0.009826000488828868, 0.010256400390062481, 0.010002947121392936, 0.010560433322098106, 0.010261577845085412, 0.010267072240822017, 0.010382640117313713, 0.010768949054181576, 0.01052801840705797, 0.010489408508874476, 0.01065596827538684, 0.010528876446187496, 0.010553569591138512, 0.010575952415820211, 0.01080077380174771]}