{"loss": [0.006724562184049179, 0.0035817478014114105, 0.002704893796583129, 0.0023471368810002225, 0.0021043600541201368, 0.0019137425161024027, 0.0017827065491098466, 0.0016508537336241108, 0.0015942351897060393, 0.0016526830052718943, 0.0015956856260305023, 0.0015031094956615028, 0.0014703270088777553, 0.0014630284007108665, 0.00143547800255132, 0.0013926117109568272, 0.0014181999298602855, 0.0013349777444016662, 0.0012922875495810688, 0.001332923086730997], "train_score": [0.002353796335344656, 0.0014197215210630275, 0.001056626956645142, 0.0007584431483902481, 0.0007021654371437265, 0.0006179092389817456, 0.0005819696591329577, 0.0004913337676717323, 0.000635090591289548, 0.000470473126758062, 0.0004584647064885252, 0.0004403794896841727, 0.0004790789301927852, 0.0003744495183819792, 0.0004900350326563132, 0.0003546443328812672, 0.0004258839206293909, 0.00032522930453278946, 0.0004488324615973931, 0.00036110200928271715], "test_score": [0.007952580895476916, 0.009875457933126493, 0.008568783442995097, 0.008714411692806222, 0.008670875025747635, 0.007080620925170457, 0.006717279188137969, 0.007259064928852792, 0.008668771847875588, 0.010076978508066147, 0.008715032529825986, 0.008298345370510538, 0.008949088125866412, 0.008531707427156998, 0.008754849319439173, 0.007640312124882947, 0.007846674675982056, 0.008520960278219842, 0.008037074430315849, 0.008819212058947243]}