{"loss": [0.06398739662535231, 0.007899561977206633, 0.013097387674296725, 0.0033362217664975546, 0.0017486915337564103, 0.0011188980023344528, 0.0008216174740890233, 0.0006595488380769204, 0.000526224930393349, 0.0004455277491521476, 0.0003774850950415792, 0.0003092715311956046, 0.003345892291941584, 0.0007614611812610308, 0.0003641794600267092, 0.0002425657871283655, 0.00020631473182283085, 0.00016849858943244507, 0.00015102410217313547, 0.0001404330898116439, 0.00013651370983129238, 0.00013135829794919118], "train_score": [0.013263183517445779, 0.004807853758142426, 0.004899521261967462, 0.0020338846350506203, 0.0012125369996346276, 0.0008652112697620459, 0.0006623222544821428, 0.000541659607953424, 0.00043216568582434337, 0.0004108592552727024, 0.00031373693491332233, 0.00027380214707026706, 0.0011087369258065932, 0.0004666675698084371, 0.0002698996816842078, 0.0002008950957980264, 0.00016947800759226084, 0.00015228643390181442, 0.0001394766039648575, 0.0001381616213997216, 0.0001430624580624963, 0.00010802597585254638], "test_score": [0.033961058497942724, 0.023827869204226238, 0.025319509641749078, 0.01929186563938856, 0.019414034872797543, 0.018444454602511793, 0.017895220281106645, 0.01793667080346495, 0.017729162800543267, 0.01793229053647996, 0.017508029500183105, 0.017085358805569082, 0.016911724895431565, 0.016892140221396654, 0.016379369214048672, 0.016117948950428902, 0.016219734796322882, 0.016135506741381412, 0.016199535770534443, 0.016011009350065785, 0.01589135526567055, 0.015574384051182404]}