{"loss": [0.025356068012669035, 0.0037464119655930476, 0.0019048104700429933, 0.0011377836547225065, 0.0007178829729799991, 0.00047176370508563906, 0.0003550173145334196, 0.0002900522193395654, 0.00023547462984899303, 0.00018996074884299836, 0.00015341455645798504, 0.00013163597791192487, 0.00012076213011902797, 0.0001111080425249858, 9.555217579675272e-05, 8.735435625092815e-05, 7.976633692717017e-05, 7.28278151338758e-05, 6.552806055127724e-05, 5.975092205082309e-05], "train_score": [0.006770244161800846, 0.002383697828601884, 0.0014149719019136999, 0.0008197067350999492, 0.0005540070845239351, 0.00037522254443383247, 0.00030439213277650594, 0.00024597498375679487, 0.0002050679879333905, 0.00015690824954578167, 0.0001326289670744344, 0.00011785561250492364, 0.0001154986720117133, 9.42051859886345e-05, 9.440955972936733e-05, 7.53197915480047e-05, 7.18134866948948e-05, 6.449946933729655e-05, 5.699810635237752e-05, 5.556728533322356e-05], "test_score": [0.022142236679792406, 0.012905494589358569, 0.012001061160117388, 0.011878099758177996, 0.011424277443438768, 0.011332742497324943, 0.01122421706095338, 0.011448250152170658, 0.011829346418380737, 0.012003205250948668, 0.01172574944794178, 0.011660570465028285, 0.011688588839024305, 0.011689766682684422, 0.011528031248599292, 0.011774768494069577, 0.01147921523079276, 0.011120157036930322, 0.011469882167875766, 0.011258321162313224]}