{"loss": [0.0045070957701798045, 0.0009026560525561258, 0.0004215954459751973, 0.00032825344332655096, 0.00023864659249565363, 0.0002275118492720583, 0.0001944327162777801, 0.00016988124208880238, 0.00014205472668786715, 0.00015632298428650828, 0.0019228393488721746, 0.0005535566326525098, 0.0004149439182343348, 0.00030797188030775495, 0.0003689237921070395, 0.0002344308477850578, 0.00021802579735862617, 0.0002236069250908979, 0.00019171997154667481, 0.00021252928118832093], "train_score": [0.001194889197477128, 0.0005904707691645888, 0.0003439536119418181, 0.0002566909187803166, 0.00026869205538539897, 0.0002690899616313334, 0.00015776790429755934, 0.00013162851071156633, 0.00011394211613427512, 0.0002515473825363512, 0.0007432304778771106, 0.0005256266112001129, 0.0003966284390013964, 0.0003301430737955566, 0.00020067110326292678, 0.00022302633086889367, 0.00021109712050809253, 0.00019211176228775415, 0.0001818372081717551, 0.000174154575390001], "test_score": [0.023397211546294525, 0.025858348153789328, 0.027065657454243462, 0.024884352482539337, 0.026491067679100005, 0.0213600253174913, 0.02263817870448942, 0.022580367646254932, 0.02542621250447285, 0.02257068635725383, 0.021977304121581696, 0.021483677591745756, 0.023501098390569852, 0.024445302109322227, 0.022966626450811004, 0.023196895953415977, 0.022600760884057363, 0.022235071838208983, 0.023972123841910314, 0.024033638113795667]}