{"loss": [0.010271359256134843, 0.004858335778820065, 0.003953842008222809, 0.00337786703581377, 0.0030616141047398997, 0.0028086950246877266, 0.0026931399975920903, 0.002657199014013387, 0.002680286209819452, 0.002574797885773598, 0.0025023339610581972, 0.0024345680249784635, 0.002368124286679305, 0.002331528174778763, 0.002268219640355487, 0.0022563489685537962, 0.002302998675138883, 0.002230950932563195, 0.0022063906295752187, 0.0022260440416844948, 0.010531367089632633, 0.0033393966067316277, 0.002742115711693519, 0.0025093366317118387, 0.002539906627914336, 0.0023866991728677283, 0.0022618874915808973, 0.002153582012397237, 0.0020821353890434174, 0.001943569426657632, 0.0019097272140373076, 0.0019186219225438045, 0.0017992317963424803, 0.001871076740956466, 0.0017459552223694377, 0.0017305271758232266, 0.0016969651405815966, 0.0016978012666056333, 0.0016187801998707332, 0.001556270003285525, 0.010186413152459285, 0.00520099305083758, 0.004311490229284885, 0.004240675520829777, 0.0037339879483701956, 0.0036113938027104303, 0.003496255820646698, 0.00337221157776567, 0.0031661372948536656, 0.003090183125140784], "train_score": [0.0032500645629281863, 0.0022788558532275205, 0.0016773051307163254, 0.0012287605250197165, 0.0009098258332397684, 0.0010213875152469383, 0.0008657144151138195, 0.000728060622116933, 0.0007182431287425439, 0.0007756668787377113, 0.0007115491373488627, 0.0007076714649746515, 0.0006832939231074151, 0.0007916722956820795, 0.0006933614379481439, 0.0006174637410470684, 0.000561735877203799, 0.0005499365049406649, 0.0005813018027045062, 0.0005638959386659444, 0.0011648244751216094, 0.0007300602338935798, 0.0006006107097553988, 0.0005712359876659841, 0.0005291502991765031, 0.0004452350711809621, 0.00036166729328864937, 0.0003623797687656146, 0.0003420892393413461, 0.0004112937924998862, 0.00030474696138428826, 0.0003636637722723078, 0.00041398745624324614, 0.00032510996805155756, 0.0003319274750148387, 0.0002529675584160681, 0.000242128028470948, 0.0003497825301954955, 0.0002641532150846615, 0.0003168304323090914, 0.002983424518251826, 0.001758676256677288, 0.001443441105318398, 0.0014259715593035757, 0.0009886543620503245, 0.00104468369471031, 0.0010952554670689658, 0.0009912118591334671, 0.0007453202774789137, 0.0007813599064069768], "test_score": [0.02488099376205355, 0.021747679571104305, 0.025427795296612505, 0.023195191391454446, 0.02821630140114752, 0.026971818659645083, 0.026753268773256532, 0.027170617654602127, 0.025703127363874846, 0.025234626900893283, 0.02588088921479401, 0.02712815146448768, 0.027521699647574376, 0.02544841256475951, 0.025949469520128332, 0.025156927123933918, 0.02554675950898055, 0.02677337837204422, 0.025025681064245433, 0.023313963153420693, 0.06880325030735028, 0.06914582304723028, 0.0717292532499414, 0.06889542849551487, 0.06793819784486134, 0.07150974150031938, 0.07682456830142266, 0.07396969459971713, 0.06778625135900386, 0.06807300906387224, 0.06590587033133488, 0.06903305715604802, 0.07099476419638709, 0.06789110367286152, 0.07244313068388562, 0.07317356620582618, 0.07507612191589683, 0.07546557703920241, 0.07712568961557865, 0.0780487234816454, 0.016364603695027263, 0.017874496508738957, 0.01694658498204912, 0.01881438965210691, 0.020443813820436064, 0.02090154474634411, 0.025691025312075257, 0.025567825395929892, 0.025961968009193828, 0.027107155223244004]}