{"loss": [0.1347840102356546, 0.0394245894961454, 0.03862660821171826, 0.03834037439956892, 0.038196577970267605], "train_score": [0.040324106106683515, 0.03886076580935039, 0.03843714865000652, 0.03824540937065177, 0.03814310176164741], "test_score": [1.8169901103862296, 1.6696543595529094, 1.5785189411939686, 1.5185881627232967, 1.4770588941996852]}