{"loss": [0.0068941172991197185, 0.002001377047018253, 0.0010592794709045335, 0.0007538062684905296, 0.0005330371809897873], "train_score": [0.002229166850297524, 0.0010435528447103447, 0.0007475905184511363, 0.0005606396955019437, 0.0005211764976170535], "test_score": [0.03269048691579652, 0.03527499015691434, 0.035635410798188875, 0.031602702891408194, 0.030928448542729546]}