{"loss": [0.03924651139303543, 3.628300860977366e-05, 8.490455132102528e-06, 5.867560178428123e-06, 5.09975422703844e-06, 4.698111784559192e-06, 4.389956464884952e-06, 4.114097789299974e-06, 3.857030005097581e-06, 3.616885562353543e-06, 0.17408606143934385, 0.02268861879461578, 0.009077104573537196, 0.004153187669414494, 0.0020547013014688025, 0.001076995415912409, 0.0006338570695204128, 0.00042737791331351867, 0.0003990448250468554, 0.0002658291809244214, 0.007733131221567209, 0.0019135604737899625, 0.0008243126346944616, 0.0004693788561361054, 0.00028480797370250983, 0.00020176274343751944, 0.00014674525076630883, 0.00011978364133168585, 0.00010686543156715253, 9.377603139280557e-05, 0.037150999531149864, 0.007328261388465762, 0.004945565713569522, 0.0028178904904052615, 0.0022478081518784165, 0.0019101471407338977, 0.0016006520600058138, 0.0012915186816826463, 0.0010203250567428768, 0.0010160441743209958, 0.017835421787042702, 0.004168388550169766, 0.0020413811434991658, 0.0010803846068613762, 0.0006374003631728036, 0.0004062504116778395, 0.00028608061464702975, 0.00021339065486764803, 0.00016441351077186743, 0.00013006214222904027], "train_score": [0.00010413454063901944, 1.1537426286979877e-05, 6.507709420995005e-06, 5.351472087308398e-06, 4.85937107441714e-06, 4.525480270396136e-06, 4.2385625615029965e-06, 3.973524323035755e-06, 3.725756219604851e-06, 3.494302226109929e-06, 0.04072623959343348, 0.012743267259793356, 0.0055239944569101295, 0.002936328719702682, 0.0014205781210746085, 0.0008060755603115208, 0.000477242477375382, 0.000375877554168775, 0.0002928879195159035, 0.00021809295945526434, 0.0028175801808874193, 0.0012451474389168792, 0.0005883664013638806, 0.0004073859459962338, 0.00021052001885926494, 0.00016725630344948373, 0.0001221341024994707, 0.00010582787413463498, 9.85667359670445e-05, 8.360501250046163e-05, 0.008479929063469172, 0.00544696138240397, 0.0032932746689766645, 0.0023605378228239715, 0.0019837162108160555, 0.0016744810563977808, 0.0013779767032247037, 0.0010311529331374913, 0.0010211705084657297, 0.0010059382620966062, 0.0057750460608596245, 0.002895428516369845, 0.0013239564536239154, 0.0008201060596288048, 0.00046632077490877625, 0.0003155812217820702, 0.00023359876649919897, 0.00018255404263202633, 0.00014091777276397415, 0.00011668717992766428], "test_score": [0.02157322929027335, 0.015131722842549303, 0.014084802018411816, 0.013824351250150357, 0.013757149574454767, 0.01373937495706438, 0.013734042800630656, 0.01373181137099285, 0.013730371461406321, 0.013729107767630921, 0.043196976805726685, 0.02581908367574215, 0.028690168944497902, 0.0315046738833189, 0.029507681106527645, 0.02418030487994353, 0.023938628534475963, 0.023228176248570282, 0.022835367048780125, 0.021976180374622345, 0.0265303881218036, 0.026201356202363968, 0.025411372383435566, 0.02418651121358077, 0.025363656071325142, 0.026036277413368225, 0.02577057263503472, 0.026175249678393204, 0.0254231384024024, 0.025239684929450352, [], [], [], [], [], [], [], [], [], [], 0.03188392830391725, 0.033034454099833965, 0.029065686588486035, 0.027431806549429893, 0.02660231664776802, 0.027265110984444618, 0.02712605396906535, 0.026452476779619854, 0.026405726249019306, 0.0263259665419658]}