{"loss": [0.004598771846345203, 0.0011778518642544937, 0.0010605186388684988, 0.00045264041074750077, 0.00033989272039682624], "train_score": [0.0014275280423445029, 0.0016799814589231491, 0.0006043370812097816, 0.00040563894561852396, 0.00025336043198235944], "test_score": [0.03623302663337116, 0.03530575970762584, 0.03612517026001363, 0.0344130487243216, 0.03562828668005254]}