{"loss": [0.004505485585325638, 0.0009526068019664982, 0.0006349088643413309, 0.00038227690335558047], "train_score": [0.001576963441774741, 0.0005215558275359512, 0.0004402517371611824, 0.0003296446943290341], "test_score": [0.03279771504049278, 0.0325733879729883, 0.03205656403171427, 0.028768513680731987]}