{"loss": [1.198530021587604, 0.020766011389900432, 0.020077494568727886, 0.0199264111096046, 0.01990758309094729], "train_score": [0.021335956722813867, 0.020270252857001847, 0.01991709708088068, 0.019777096939592394, 0.01981380644382731], "test_score": [0.03554844044681106, 0.03869412929884025, 0.037233380574200836, 0.039938397519290444, 0.0424709037478481]}